{"v":"5.6.9","fr":30,"ip":0,"op":61,"w":170,"h":166,"nm":"stressed sylhouette","ddd":0,"assets":[],"layers":[{"ddd":0,"ind":1,"ty":3,"nm":"Rotation","sr":1,"ks":{"o":{"a":0,"k":0,"ix":11},"r":{"a":0,"k":0,"ix":10},"p":{"a":0,"k":[84.5,87.5,0],"ix":2},"a":{"a":0,"k":[0,0,0],"ix":1},"s":{"a":0,"k":[100,100,100],"ix":6}},"ao":0,"ef":[{"ty":5,"nm":"Speed","np":3,"mn":"ADBE Slider Control","ix":1,"en":1,"ef":[{"ty":0,"nm":"Slider","mn":"ADBE Slider Control-0001","ix":1,"v":{"a":1,"k":[{"i":{"x":[0.833],"y":[0.833]},"o":{"x":[0.333],"y":[0]},"t":0,"s":[0]},{"i":{"x":[0.667],"y":[1]},"o":{"x":[0.167],"y":[0.167]},"t":30,"s":[5]},{"t":60,"s":[0]}],"ix":1}}]},{"ty":5,"nm":"Amount","np":3,"mn":"ADBE Slider Control","ix":2,"en":1,"ef":[{"ty":0,"nm":"Slider","mn":"ADBE Slider Control-0001","ix":1,"v":{"a":1,"k":[{"i":{"x":[0.833],"y":[0.833]},"o":{"x":[0.333],"y":[0]},"t":0,"s":[0]},{"i":{"x":[0.667],"y":[1]},"o":{"x":[0.167],"y":[0.167]},"t":30,"s":[5]},{"t":60,"s":[0]}],"ix":1}}]}],"ip":0,"op":150,"st":0,"bm":0},{"ddd":0,"ind":2,"ty":3,"nm":"Scale","sr":1,"ks":{"o":{"a":0,"k":0,"ix":11},"r":{"a":0,"k":0,"ix":10},"p":{"a":0,"k":[84.5,87.5,0],"ix":2},"a":{"a":0,"k":[0,0,0],"ix":1},"s":{"a":0,"k":[100,100,100],"ix":6}},"ao":0,"ef":[{"ty":5,"nm":"Scale","np":3,"mn":"ADBE Slider Control","ix":1,"en":1,"ef":[{"ty":0,"nm":"Slider","mn":"ADBE Slider Control-0001","ix":1,"v":{"a":1,"k":[{"i":{"x":[0.833],"y":[0.833]},"o":{"x":[0.333],"y":[0]},"t":0,"s":[100]},{"i":{"x":[0.667],"y":[1]},"o":{"x":[0.167],"y":[0.167]},"t":30,"s":[120]},{"t":60,"s":[100]}],"ix":1}}]}],"ip":0,"op":150,"st":0,"bm":0},{"ddd":0,"ind":3,"ty":3,"nm":"Bolt's wiggle","sr":1,"ks":{"o":{"a":0,"k":0,"ix":11},"r":{"a":0,"k":0,"ix":10},"p":{"a":0,"k":[84.5,87.5,0],"ix":2},"a":{"a":0,"k":[0,0,0],"ix":1},"s":{"a":0,"k":[100,100,100],"ix":6}},"ao":0,"ef":[{"ty":5,"nm":"Speed","np":3,"mn":"ADBE Slider Control","ix":1,"en":1,"ef":[{"ty":0,"nm":"Slider","mn":"ADBE Slider Control-0001","ix":1,"v":{"a":1,"k":[{"i":{"x":[0.833],"y":[0.833]},"o":{"x":[0.333],"y":[0]},"t":0,"s":[0]},{"i":{"x":[0.667],"y":[1]},"o":{"x":[0.167],"y":[0.167]},"t":30,"s":[1]},{"t":60,"s":[0]}],"ix":1}}]},{"ty":5,"nm":"Amount","np":3,"mn":"ADBE Slider Control","ix":2,"en":1,"ef":[{"ty":0,"nm":"Slider","mn":"ADBE Slider Control-0001","ix":1,"v":{"a":1,"k":[{"i":{"x":[0.833],"y":[0.833]},"o":{"x":[0.333],"y":[0]},"t":0,"s":[0]},{"i":{"x":[0.667],"y":[1]},"o":{"x":[0.167],"y":[0.167]},"t":30,"s":[1]},{"t":60,"s":[0]}],"ix":1}}]}],"ip":0,"op":150,"st":0,"bm":0},{"ddd":0,"ind":4,"ty":4,"nm":"Layer 5 Outlines","sr":1,"ks":{"o":{"a":0,"k":100,"ix":11},"r":{"a":0,"k":0,"ix":10,"x":"var $bm_rt;\n$bm_rt = wiggle(thisComp.layer('Rotation').effect('Speed')('Slider'), thisComp.layer('Rotation').effect('Amount')('Slider'));"},"p":{"a":0,"k":[55.1,30.3,0],"ix":2,"x":"var $bm_rt;\n$bm_rt = wiggle(thisComp.layer('Bolt\\'s wiggle').effect('Speed')('Slider'), thisComp.layer('Bolt\\'s wiggle').effect('Amount')('Slider'));"},"a":{"a":0,"k":[9.2,17,0],"ix":1},"s":{"a":0,"k":[100,100,100],"ix":6,"x":"var $bm_rt;\nvar temp;\ntemp = thisComp.layer('Scale').effect('Scale')('Slider');\n$bm_rt = [\n    temp,\n    temp\n];"}},"ao":0,"shapes":[{"ty":"gr","it":[{"ind":0,"ty":"sh","ix":1,"ks":{"a":0,"k":{"i":[[0.4,0.7],[-5.2,-5.1],[1,-0.6],[1.4,-0.9],[-0.5,-0.7],[-2.2,-4],[3,2.3],[2,1.6],[-0.9,0.6],[-1.7,1.1],[0.5,0.8],[2.5,4.4]],"o":[[5.3,5.3],[0.8,0.8],[-1.4,0.9],[-0.7,0.5],[2.3,3.9],[-2.9,-2.3],[-2,-1.6],[-0.7,-0.5],[1.7,-1.1],[1,-0.6],[-2.5,-4.4],[-0.3,-0.6]],"v":[[-8.95,-16.75],[6.55,-1.35],[6.45,0.45],[2.35,3.35],[2.05,4.95],[8.95,16.75],[0.15,9.75],[-5.85,4.95],[-5.85,3.55],[-0.95,0.15],[-0.55,-1.85],[-8.05,-14.95]],"c":true},"ix":2},"nm":"Path 1","mn":"ADBE Vector Shape - Group","hd":false},{"ty":"fl","c":{"a":0,"k":[0.980000035903,0.638999968884,0.169000004787,1],"ix":4},"o":{"a":0,"k":100,"ix":5},"r":1,"bm":0,"nm":"Fill 1","mn":"ADBE Vector Graphic - Fill","hd":false},{"ty":"tr","p":{"a":0,"k":[9.2,17],"ix":2},"a":{"a":0,"k":[0,0],"ix":1},"s":{"a":0,"k":[100,100],"ix":3},"r":{"a":0,"k":0,"ix":6},"o":{"a":0,"k":100,"ix":7},"sk":{"a":0,"k":0,"ix":4},"sa":{"a":0,"k":0,"ix":5},"nm":"Transform"}],"nm":"Group 1","np":2,"cix":2,"bm":0,"ix":1,"mn":"ADBE Vector Group","hd":false}],"ip":0,"op":150,"st":0,"bm":0},{"ddd":0,"ind":5,"ty":4,"nm":"Layer 4 Outlines","sr":1,"ks":{"o":{"a":0,"k":100,"ix":11},"r":{"a":0,"k":0,"ix":10,"x":"var $bm_rt;\n$bm_rt = wiggle(thisComp.layer('Rotation').effect('Speed')('Slider'), thisComp.layer('Rotation').effect('Amount')('Slider'));"},"p":{"a":0,"k":[117.6,32.8,0],"ix":2,"x":"var $bm_rt;\n$bm_rt = wiggle(thisComp.layer('Bolt\\'s wiggle').effect('Speed')('Slider'), thisComp.layer('Bolt\\'s wiggle').effect('Amount')('Slider'));"},"a":{"a":0,"k":[12.9,14.25,0],"ix":1},"s":{"a":0,"k":[100,100,100],"ix":6,"x":"var $bm_rt;\nvar temp;\ntemp = thisComp.layer('Scale').effect('Scale')('Slider');\n$bm_rt = [\n    temp,\n    temp\n];"}},"ao":0,"shapes":[{"ty":"gr","it":[{"ind":0,"ty":"sh","ix":1,"ks":{"a":0,"k":{"i":[[-0.6,0.6],[3,-6.5],[0.899,0.8],[1.301,1],[0.5,-0.7],[3,-3.5],[-1.2,3.5],[-0.801,2.5],[-0.8,-0.7],[-1.6,-1.2],[-0.6,0.7],[-3.301,3.8]],"o":[[-3.199,6.7],[-0.5,1],[-1.3,-1],[-0.699,-0.5],[-2.799,3.5],[1.2,-3.5],[0.8,-2.4],[0.3,-0.9],[1.599,1.2],[0.9,0.7],[3.2,-3.8],[0.199,-0.4]],"v":[[12.65,-14],[3.451,5.7],[1.751,6.2],[-2.35,3.3],[-3.95,3.5],[-12.65,14],[-9.049,3.4],[-6.549,-3.9],[-5.249,-4.4],[-0.35,-0.9],[1.65,-1.2],[11.451,-12.6]],"c":true},"ix":2},"nm":"Path 1","mn":"ADBE Vector Shape - Group","hd":false},{"ty":"fl","c":{"a":0,"k":[0.980000035903,0.638999968884,0.169000004787,1],"ix":4},"o":{"a":0,"k":100,"ix":5},"r":1,"bm":0,"nm":"Fill 1","mn":"ADBE Vector Graphic - Fill","hd":false},{"ty":"tr","p":{"a":0,"k":[12.9,14.25],"ix":2},"a":{"a":0,"k":[0,0],"ix":1},"s":{"a":0,"k":[100,100],"ix":3},"r":{"a":0,"k":0,"ix":6},"o":{"a":0,"k":100,"ix":7},"sk":{"a":0,"k":0,"ix":4},"sa":{"a":0,"k":0,"ix":5},"nm":"Transform"}],"nm":"Group 1","np":2,"cix":2,"bm":0,"ix":1,"mn":"ADBE Vector Group","hd":false}],"ip":0,"op":150,"st":0,"bm":0},{"ddd":0,"ind":6,"ty":4,"nm":"Layer 3 Outlines","sr":1,"ks":{"o":{"a":0,"k":100,"ix":11},"r":{"a":0,"k":0,"ix":10,"x":"var $bm_rt;\n$bm_rt = wiggle(thisComp.layer('Rotation').effect('Speed')('Slider'), thisComp.layer('Rotation').effect('Amount')('Slider'));"},"p":{"a":0,"k":[87.1,23.3,0],"ix":2,"x":"var $bm_rt;\n$bm_rt = wiggle(thisComp.layer('Bolt\\'s wiggle').effect('Speed')('Slider'), thisComp.layer('Bolt\\'s wiggle').effect('Amount')('Slider'));"},"a":{"a":0,"k":[7.15,18.85,0],"ix":1},"s":{"a":0,"k":[100,100,100],"ix":6,"x":"var $bm_rt;\nvar temp;\ntemp = thisComp.layer('Scale').effect('Scale')('Slider');\n$bm_rt = [\n    temp,\n    temp\n];"}},"ao":0,"shapes":[{"ty":"gr","it":[{"ind":0,"ty":"sh","ix":1,"ks":{"a":0,"k":{"i":[[-0.2,0.8],[-0.801,-7.1],[1.2,0.1],[1.7,0.2],[0.1,-0.8],[0.8,-4.5],[0.8,3.7],[0.6,2.5],[-1.1,-0.1],[-1.9,-0.3],[-0.201,1],[-0.9,5]],"o":[[0.7,7.4],[0.1,1.1],[-1.7,-0.2],[-0.8,-0.1],[-0.6,4.5],[-0.8,-3.7],[-0.5,-2.5],[-0.2,-0.9],[2,0.2],[1.1,0.1],[0.799,-5],[0,-0.5]],"v":[[4.6,-18.6],[6.8,3.1],[5.6,4.5],[0.6,4.1],[-0.7,5.1],[-2.8,18.6],[-5.1,7.6],[-6.7,0.1],[-5.8,-1],[0.1,-0.5],[1.7,-1.8],[4.3,-16.7]],"c":true},"ix":2},"nm":"Path 1","mn":"ADBE Vector Shape - Group","hd":false},{"ty":"fl","c":{"a":0,"k":[0.980000035903,0.638999968884,0.169000004787,1],"ix":4},"o":{"a":0,"k":100,"ix":5},"r":1,"bm":0,"nm":"Fill 1","mn":"ADBE Vector Graphic - Fill","hd":false},{"ty":"tr","p":{"a":0,"k":[7.15,18.85],"ix":2},"a":{"a":0,"k":[0,0],"ix":1},"s":{"a":0,"k":[100,100],"ix":3},"r":{"a":0,"k":0,"ix":6},"o":{"a":0,"k":100,"ix":7},"sk":{"a":0,"k":0,"ix":4},"sa":{"a":0,"k":0,"ix":5},"nm":"Transform"}],"nm":"Group 1","np":2,"cix":2,"bm":0,"ix":1,"mn":"ADBE Vector Group","hd":false}],"ip":0,"op":150,"st":0,"bm":0},{"ddd":0,"ind":7,"ty":4,"nm":"Layer 2 Outlines","sr":1,"ks":{"o":{"a":0,"k":100,"ix":11},"r":{"a":0,"k":0,"ix":10},"p":{"a":0,"k":[84.5,112.9,0],"ix":2},"a":{"a":0,"k":[84.151,52.05,0],"ix":1},"s":{"a":0,"k":[100,100,100],"ix":6}},"ao":0,"shapes":[{"ty":"gr","it":[{"ind":0,"ty":"sh","ix":1,"ks":{"a":0,"k":{"i":[[-1.1,9.5],[-4.3,-2.4],[0,-4.4],[-8.201,-3],[-8.199,-2.7],[-0.4,-4.6],[4.399,-2],[14.7,-6.7],[-0.3,-4.2],[-0.2,-6.3],[3.301,0],[16.3,-0.2],[0,2.9],[-0.199,6.7],[3,1.4],[15,7.1],[-0.3,4.9],[-4.701,1.6],[-9.6,3.3],[0.4,2.9],[0,1],[-5.599,1.9],[-3.5,-5],[2.301,-9.3],[7.2,-3.2],[-22.9,17.5],[6.2,5]],"o":[[4.7,-5],[3.899,2.2],[0,9],[8.2,2.9],[4.5,1.5],[0.401,4.9],[-14.601,6.8],[-3.699,1.7],[0.4,6.3],[0.101,2.8],[-16.3,-0.2],[-3.3,0],[0.2,-6.7],[0.1,-3],[-15.101,-6.9],[-4.399,-2.1],[0.301,-4.8],[9.699,-3.1],[2.5,-0.9],[-0.2,-1],[-0.299,-5.3],[5,-1.6],[-0.4,9.4],[-6.3,5.1],[26.7,19.3],[-7.2,-2.9],[-3.5,-9.2]],"v":[[24.1,-45.3],[38.201,-49.4],[43.4,-39.4],[51.701,-27.5],[76.1,-18.8],[83.5,-9.8],[76.901,0.3],[33.1,20.9],[28.1,28.7],[28.3,47.7],[24.6,51.8],[-24.4,51.8],[-28.201,47.7],[-28.1,27.7],[-31.799,21.6],[-76.9,0.3],[-83.6,-9.8],[-75.799,-19],[-47.1,-29],[-43.5,-34],[-43.5,-37],[-37.7,-49.6],[-24,-45.4],[-25.1,-17.3],[-46.701,-8.1],[46.5,-8.2],[25.1,-17.2]],"c":true},"ix":2},"nm":"Path 1","mn":"ADBE Vector Shape - Group","hd":false},{"ty":"fl","c":{"a":0,"k":[0.573000021542,0.842999985639,0.905999995213,1],"ix":4},"o":{"a":0,"k":100,"ix":5},"r":1,"bm":0,"nm":"Fill 1","mn":"ADBE Vector Graphic - Fill","hd":false},{"ty":"tr","p":{"a":0,"k":[84.15,52.05],"ix":2},"a":{"a":0,"k":[0,0],"ix":1},"s":{"a":0,"k":[100,100],"ix":3},"r":{"a":0,"k":0,"ix":6},"o":{"a":0,"k":100,"ix":7},"sk":{"a":0,"k":0,"ix":4},"sa":{"a":0,"k":0,"ix":5},"nm":"Transform"}],"nm":"Group 1","np":2,"cix":2,"bm":0,"ix":1,"mn":"ADBE Vector Group","hd":false}],"ip":0,"op":150,"st":0,"bm":0},{"ddd":0,"ind":8,"ty":4,"nm":"Head","sr":1,"ks":{"o":{"a":0,"k":100,"ix":11},"r":{"a":0,"k":0,"ix":10},"p":{"a":0,"k":[84.6,82.748,0],"ix":2},"a":{"a":0,"k":[28.295,28.295,0],"ix":1},"s":{"a":0,"k":[100,100,100],"ix":6}},"ao":0,"ef":[{"ty":21,"nm":"Fill","np":9,"mn":"ADBE Fill","ix":1,"en":1,"ef":[{"ty":10,"nm":"Fill Mask","mn":"ADBE Fill-0001","ix":1,"v":{"a":0,"k":0,"ix":1}},{"ty":7,"nm":"All Masks","mn":"ADBE Fill-0007","ix":2,"v":{"a":0,"k":0,"ix":2}},{"ty":2,"nm":"Color","mn":"ADBE Fill-0002","ix":3,"v":{"a":1,"k":[{"i":{"x":[0.667],"y":[1]},"o":{"x":[0.333],"y":[0]},"t":0,"s":[0.019607843831,0.733333349228,0.839215695858,1]},{"i":{"x":[0.667],"y":[1]},"o":{"x":[0.333],"y":[0]},"t":30,"s":[0.141176477075,0.447058826685,0.584313750267,1]},{"t":60,"s":[0.019607843831,0.733333349228,0.839215695858,1]}],"ix":3}},{"ty":7,"nm":"Invert","mn":"ADBE Fill-0006","ix":4,"v":{"a":0,"k":0,"ix":4}},{"ty":0,"nm":"Horizontal Feather","mn":"ADBE Fill-0003","ix":5,"v":{"a":0,"k":0,"ix":5}},{"ty":0,"nm":"Vertical Feather","mn":"ADBE Fill-0004","ix":6,"v":{"a":0,"k":0,"ix":6}},{"ty":0,"nm":"Opacity","mn":"ADBE Fill-0005","ix":7,"v":{"a":0,"k":1,"ix":7}}]}],"shapes":[{"ty":"gr","it":[{"ind":0,"ty":"sh","ix":1,"ks":{"a":0,"k":{"i":[[0,-15.488],[15.488,0],[0,15.488],[-15.489,0]],"o":[[0,15.488],[-15.489,0],[0,-15.488],[15.488,0]],"v":[[28.045,-0.001],[0,28.044],[-28.045,-0.001],[0,-28.044]],"c":true},"ix":2},"nm":"Path 1","mn":"ADBE Vector Shape - Group","hd":false},{"ty":"fl","c":{"a":0,"k":[0.019999999626,0.732999973671,0.838999968884,1],"ix":4},"o":{"a":0,"k":100,"ix":5},"r":1,"bm":0,"nm":"Fill 1","mn":"ADBE Vector Graphic - Fill","hd":false},{"ty":"tr","p":{"a":0,"k":[28.295,28.295],"ix":2},"a":{"a":0,"k":[0,0],"ix":1},"s":{"a":0,"k":[100,100],"ix":3},"r":{"a":0,"k":0,"ix":6},"o":{"a":0,"k":100,"ix":7},"sk":{"a":0,"k":0,"ix":4},"sa":{"a":0,"k":0,"ix":5},"nm":"Transform"}],"nm":"Group 1","np":2,"cix":2,"bm":0,"ix":1,"mn":"ADBE Vector Group","hd":false}],"ip":0,"op":150,"st":0,"bm":0}],"markers":[]}